CPU Time Records,Token Time Records
1010.928167,1245.452000
39.903500,66.688000
